sample_01|Xin chào, tôi là trợ lý ảo SenseBridge luôn đồng hành cùng bạn.|xin chào, tôi là trợ lý ảo sensebridge luôn đồng hành cùng bạn.
sample_02|Phía trước cách hai mét có bậc tam cấp, vui lòng đi chậm lại.|phía trước cách hai mét có bậc tam cấp, vui lòng đi chậm lại.
sample_03|Phát hiện tờ tiền mệnh giá năm trăm nghìn đồng.|phát hiện tờ tiền mệnh giá năm trăm nghìn đồng.
sample_04|Xe buýt tuyến số một trăm năm mươi đang tiến vào trạm dừng.|xe buýt tuyến số một trăm năm mươi đang tiến vào trạm dừng.
sample_05|Thuốc Paracetamol năm trăm miligam, uống ngày hai lần sau bữa ăn.|thuốc paracetamol năm trăm miligam, uống ngày hai lần sau bữa ăn.
sample_06|Cảnh báo, có phương tiện đang bấm còi ở phía bên trái.|cảnh báo, có phương tiện đang bấm còi ở phía bên trái.
sample_07|Lối thoát hiểm khẩn cấp nằm ở hướng mười hai giờ.|lối thoát hiểm khẩn cấp nằm ở hướng mười hai giờ.
sample_08|Đèn tín hiệu giao thông cho người đi bộ đang chuyển sang màu xanh.|đèn tín hiệu giao thông cho người đi bộ đang chuyển sang màu xanh.
sample_09|Môi trường quá tối, tôi đã tự động kích hoạt đèn flash hỗ trợ.|môi trường quá tối, tôi đã tự động kích hoạt đèn flash hỗ trợ.
sample_10|Thời tiết hôm nay nắng ráo, nhiệt độ ngoài trời khoảng ba mươi độ C.|thời tiết hôm nay nắng ráo, nhiệt độ ngoài trời khoảng ba mươi độ c.
